ID,ppl
0,180.707275390625
1,116.07701110839844
2,504.5002746582031
3,266.63641357421875
4,241.7664794921875
5,373.7188720703125
6,1074.55859375
7,89.1551742553711
8,45.082550048828125
9,66.71214294433594
10,161.12001037597656
11,107.28813171386719
12,128.45840454101562
13,251.7322540283203
14,98.82898712158203
15,58.97677230834961
16,36.89908218383789
17,11.594202995300293
18,296.2903747558594
19,189.4413604736328
20,116.09649658203125
21,173.1283416748047
22,397.7579650878906
23,158.2811737060547
24,412.10882568359375
25,237.71038818359375
26,397.4559326171875
27,259.2856750488281
28,114.6782455444336
29,30.874563217163086
30,906.971923828125
31,95.65451049804688
32,923.0068969726562
33,253.6903076171875
34,137.95494079589844
35,415.5409240722656
36,126.13536071777344
37,135.64501953125
38,113.18962097167969
39,87.39604187011719
40,201.17514038085938
41,130.98533630371094
42,180.29859924316406
43,226.87818908691406
44,371.294677734375
45,249.1284637451172
46,221.44435119628906
47,160.74200439453125
48,100.79883575439453
49,503.58148193359375
50,71.30655670166016
51,92.42162322998047
52,369.011474609375
53,174.6158905029297
54,187.77560424804688
55,130.7439727783203
56,121.21564483642578
57,151.59458923339844
58,770.1515502929688
59,148.11143493652344
60,147.02484130859375
61,63.968971252441406
62,900.1718139648438
63,125.90178680419922
64,268.0252380371094
65,197.74224853515625
66,144.14915466308594
67,159.23895263671875
68,111.64998626708984
69,123.19287872314453
70,43.25274658203125
71,59.6054801940918
72,418.86236572265625
73,91.0795669555664
74,92.38324737548828
75,529.56201171875
76,202.10903930664062
77,342.8062438964844
78,330.8641052246094
79,411.725830078125
80,53.68170928955078
81,122.72599029541016
82,145.76275634765625
83,450.56298828125
84,285.6982727050781
85,133.53045654296875
86,192.15158081054688
87,714.61572265625
88,214.77066040039062
89,106.49900817871094
90,550.689208984375
91,168.57968139648438
92,86.04975128173828
93,131.06561279296875
94,80.83547973632812
95,101.19479370117188
96,81.07744598388672
97,97.97740173339844
98,157.71853637695312
99,302.5888977050781
100,123.92025756835938
101,149.13433837890625
102,167.17886352539062
103,120.26488494873047
104,81.82438659667969
105,114.30640411376953
106,147.28720092773438
107,67.5009994506836
108,592.1965942382812
109,97.43114471435547
110,97.28606414794922
111,83.29151153564453
112,155.8423309326172
113,157.92269897460938
114,273.9919128417969
115,144.7764892578125
116,96.7034912109375
117,89.4331283569336
118,116.6617660522461
119,124.1001968383789
120,145.4616241455078
121,120.2560043334961
122,853.1266479492188
123,94.8443832397461
124,47.112701416015625
125,42.28504180908203
126,57.561370849609375
127,39.51530838012695
128,56.01903533935547
129,183.72909545898438
130,324.701904296875
131,354.0113525390625
132,163.15074157714844
133,300.4021301269531
134,122.99366760253906
135,128.5486602783203
136,181.44932556152344
137,204.5546417236328
138,29.19324493408203
139,172.9808807373047
140,176.1714630126953
141,378.92791748046875
142,261.5489196777344
143,136.3206024169922
144,654.80712890625
145,227.7631072998047
146,143.49237060546875
147,111.68294525146484
148,275.0942077636719
149,306.1399841308594
150,224.42323303222656
151,192.69992065429688
152,47.62744140625
153,609.62890625
154,274.09881591796875
155,319.6318664550781
156,199.55191040039062
157,156.9122772216797
158,107.3144302368164
159,271.0647888183594
160,367.6418762207031
161,347.4400329589844
162,170.7086639404297
163,181.8789825439453
164,805.4176025390625
165,157.02088928222656
166,162.23834228515625
167,560.2371215820312
168,96.93035125732422
169,409.24761962890625
170,202.93307495117188
171,121.95926666259766
172,450.8086242675781
173,100.64451599121094
174,132.3973388671875
175,502.5904846191406
176,262.8310241699219
177,336.948974609375
178,147.61048889160156
179,607.530517578125
180,152.9803009033203
181,168.82164001464844
182,170.63818359375
183,141.1405487060547
184,71.94389343261719
185,161.8714599609375
186,163.44430541992188
187,356.5558776855469
188,304.2166442871094
189,103.5158462524414
190,353.5609130859375
191,143.08290100097656
192,64.94944763183594
193,255.44007873535156
194,59.998600006103516
195,645.8733520507812
196,274.1665344238281
197,178.64718627929688
198,285.45684814453125
199,162.45989990234375
200,1074.8055419921875
201,261.45477294921875
202,139.45025634765625
203,151.68692016601562
204,197.91270446777344
205,111.20992279052734
206,408.4405212402344
207,326.2010192871094
208,270.1517333984375
209,117.0185546875
210,276.490966796875
211,126.72689819335938
212,179.97572326660156
213,177.40357971191406
214,134.9478759765625
215,225.71710205078125
216,166.40875244140625
217,165.48948669433594
218,139.32568359375
219,119.89008331298828
220,152.50848388671875
221,24.605390548706055
222,130.02569580078125
223,255.1211395263672
224,241.9447784423828
225,428.3629455566406
226,150.05374145507812
227,112.85779571533203
228,363.7841491699219
229,265.302734375
230,235.43399047851562
231,272.84356689453125
232,161.02146911621094
233,66.2309341430664
234,87.46324157714844
235,39.15019226074219
236,45.59593200683594
237,150.65835571289062
238,27.573625564575195
239,212.68238830566406
240,234.8209228515625
241,255.99440002441406
242,27.35279083251953
243,196.8380889892578
244,119.28363800048828
245,514.6118774414062
246,190.00814819335938
247,76.91925811767578
248,289.94769287109375
249,61.993255615234375
250,163.0357208251953
251,130.82080078125
252,229.91744995117188
253,425.5822448730469
254,402.759521484375
255,61.93873977661133
256,31.119754791259766
257,74.40010070800781
258,99.3092269897461
259,45.21220397949219
260,351.2532043457031
261,730.06494140625
262,77.47553253173828
263,89.1356201171875
264,41.5357551574707
265,170.71730041503906
266,184.7854461669922
267,168.25885009765625
268,136.44891357421875
269,192.96998596191406
270,280.36053466796875
271,246.69976806640625
272,496.9433288574219
273,248.79689025878906
274,108.4251480102539
275,139.2507781982422
276,273.19403076171875
277,158.61398315429688
278,67.88867950439453
279,286.968994140625
280,96.96751403808594
281,27.4056339263916
282,44.144954681396484
283,467.9425354003906
284,610.8143310546875
285,1125.6236572265625
286,199.22836303710938
287,292.4997863769531
288,35.88957977294922
289,112.19187927246094
290,128.6927947998047
291,110.23383331298828
292,618.1346435546875
293,168.74905395507812
294,459.8122863769531
295,218.8235321044922
296,168.06719970703125
297,211.94253540039062
298,255.38282775878906
299,202.1658172607422
300,236.50335693359375
301,646.6376342773438
302,603.6748046875
303,638.2932739257812
304,152.8118133544922
305,1663.30615234375
306,77.05184936523438
307,359.578857421875
308,124.22624969482422
309,1042.6502685546875
310,1093.38232421875
311,90.9061508178711
312,231.38648986816406
313,753.15673828125
314,37.875694274902344
315,76.7027587890625
316,208.65994262695312
317,209.14036560058594
318,121.02679443359375
319,616.3751220703125
320,294.2578430175781
321,66.27446746826172
322,453.9039306640625
323,94.09575653076172
324,700.6287231445312
325,521.1640625
326,458.1269226074219
327,186.02305603027344
328,460.0099182128906
329,307.1217956542969
330,364.1543273925781
331,223.40306091308594
332,126.70719909667969
333,921.1395874023438
334,79.29757690429688
335,2574.210693359375
336,267.4799499511719
337,368.6950378417969
338,752.1632690429688
339,91.87931060791016
340,76.08924102783203
341,435.769775390625
342,444.1648254394531
343,700.7623901367188
344,105.07046508789062
345,286.5212097167969
346,188.4248046875
347,142.16261291503906
348,195.7288055419922
349,352.89813232421875
350,110.07425689697266
351,131.20249938964844
352,171.8891143798828
353,146.4813232421875
354,220.91722106933594
355,128.2865753173828
356,183.60281372070312
357,95.1431655883789
358,167.3822784423828
359,139.19732666015625
360,167.9174041748047
361,117.5561752319336
362,88.71836853027344
363,176.3523406982422
364,477.4452209472656
365,145.96438598632812
366,225.23629760742188
367,183.92677307128906
368,135.75120544433594
369,116.27001953125
370,88.96160888671875
371,147.95980834960938
372,89.05952453613281
373,242.85707092285156
374,108.08001708984375
375,68.52816772460938
376,77.81452941894531
377,65.43033599853516
378,104.19837188720703
379,208.53929138183594
380,236.751708984375
381,163.35423278808594
382,123.72959899902344
383,143.65997314453125
384,193.7257080078125
385,192.5757293701172
386,32.23659133911133
387,27.71817398071289
388,45.29316329956055
389,212.0310821533203
390,126.9328842163086
391,90.4542465209961
392,195.80255126953125
393,360.9997863769531
394,79.55132293701172
395,217.82485961914062
396,487.3018798828125
397,188.5677947998047
398,127.98583984375
399,70.3077163696289
400,111.65705871582031
401,110.12408447265625
402,116.2635269165039
403,119.49427795410156
404,132.97244262695312
405,230.3204803466797
406,90.27306365966797
407,200.2960662841797
408,94.0729751586914
409,244.77713012695312
410,239.11074829101562
411,236.5629119873047
412,198.711669921875
413,71.63252258300781
414,63.078025817871094
415,65.88837432861328
416,259.3411865234375
417,209.89447021484375
418,179.95831298828125
419,263.9539489746094
420,125.42858123779297
421,291.4473876953125
422,249.40623474121094
423,136.54452514648438
424,311.00177001953125
425,140.02755737304688
426,282.7098388671875
427,327.7347106933594
428,146.5316925048828
429,100.13479614257812
430,87.70977020263672
431,47.46064758300781
432,154.07078552246094
433,122.48419952392578
434,348.140380859375
435,171.87396240234375
436,83.89999389648438
437,332.55859375
438,673.0138549804688
439,148.44027709960938
440,340.3409423828125
441,197.53134155273438
442,777.5856323242188
443,333.1908264160156
444,642.1806030273438
445,256.2076110839844
446,126.71928405761719
447,385.9760437011719
448,287.7584228515625
449,324.5511169433594
450,271.49713134765625
451,335.9497985839844
452,67.03292846679688
453,348.4037780761719
454,331.3443908691406
455,227.73207092285156
456,81.3553466796875
457,305.97039794921875
458,149.3020477294922
459,495.6822204589844
460,375.45379638671875
461,104.76903533935547
462,253.1344451904297
463,56.07633590698242
464,191.4351348876953
465,122.6812973022461
466,951.5087890625
467,69.6942138671875
468,73.73039245605469
469,139.14669799804688
470,100.0546646118164
471,25.4653263092041
472,55.16505813598633
473,14.65046501159668
474,82.48030090332031
475,136.3440704345703
476,275.1461486816406
477,128.79647827148438
478,322.98089599609375
479,307.02398681640625
480,181.5369873046875
481,248.62979125976562
482,50.561859130859375
483,45.2652702331543
484,150.22906494140625
485,87.34928894042969
486,67.29377746582031
487,51.0757942199707
488,209.65579223632812
489,492.2208251953125
490,389.5906066894531
491,323.0084533691406
492,138.75631713867188
493,179.32159423828125
494,250.35923767089844
495,266.6141662597656
496,65.9736099243164
497,86.5766372680664
498,180.5518035888672
499,433.9303894042969
500,627.7245483398438
501,256.1094055175781
502,458.0692443847656
503,101.2149658203125
504,365.67303466796875
505,562.59423828125
506,131.4993133544922
507,268.7388000488281
508,293.98828125
509,161.93197631835938
510,156.71630859375
511,142.5718994140625
512,77.89898681640625
513,180.08998107910156
514,122.42989349365234
515,47.065670013427734
516,559.5581665039062
517,715.9171752929688
518,211.74868774414062
519,161.16688537597656
520,290.346435546875
521,52.0381965637207
522,112.99849700927734
523,211.69305419921875
524,148.71493530273438
525,314.55419921875
526,159.51771545410156
527,232.97032165527344
528,215.3170928955078
529,925.3306274414062
530,153.59634399414062
531,1003.8818969726562
532,194.57400512695312
533,572.944091796875
534,110.60581970214844
535,297.8577880859375
536,261.7129821777344
537,265.0100402832031
538,233.1183319091797
539,171.13311767578125
540,344.2814025878906
541,183.05618286132812
542,264.8689270019531
543,120.88013458251953
544,51.750816345214844
545,60.78483581542969
546,278.26275634765625
547,196.89544677734375
548,443.0048828125
549,241.1207275390625
550,162.94107055664062
551,163.0773162841797
552,153.6211700439453
553,147.5625
554,353.5980224609375
555,124.88627624511719
556,72.46135711669922
557,164.0031280517578
558,138.95852661132812
559,210.21438598632812
560,105.8249282836914
561,83.75980377197266
562,126.66322326660156
563,274.6758117675781
564,118.23893737792969
565,120.55795288085938
566,430.05511474609375
567,79.54517364501953
568,174.2583770751953
569,127.27076721191406
570,91.56279754638672
571,193.16175842285156
572,133.72097778320312
573,407.3651123046875
574,365.2203369140625
575,194.1422882080078
576,235.31814575195312
577,75.96231842041016
578,55.37494659423828
579,247.14813232421875
580,66.09335327148438
581,76.42916107177734
582,170.9956817626953
583,131.97181701660156
584,155.20767211914062
585,242.0231170654297
586,216.0599822998047
587,98.37259674072266
588,155.77220153808594
589,91.36174011230469
590,523.4903564453125
591,48.228546142578125
592,82.38459014892578
593,301.3812255859375
594,202.9593048095703
595,240.72174072265625
596,265.69189453125
597,272.7885437011719
598,166.60382080078125
599,151.13494873046875
600,275.8785705566406
601,49.59865951538086
602,215.0745086669922
603,117.47301483154297
604,347.6302795410156
605,107.75299835205078
606,102.11898803710938
607,294.44268798828125
608,844.8153686523438
609,98.21328735351562
610,106.16112518310547
611,540.3165893554688
612,86.72827911376953
613,199.4944610595703
614,72.34856414794922
615,57.55634689331055
616,91.40431213378906
617,264.7019958496094
618,164.40086364746094
619,161.4890594482422
620,220.95811462402344
621,64.2723388671875
622,275.0823974609375
623,155.43185424804688
624,202.14076232910156
625,88.4473648071289
626,253.39434814453125
627,237.48426818847656
628,319.5009765625
629,189.8153533935547
630,269.25189208984375
631,187.68572998046875
632,162.5653533935547
633,105.90115356445312
634,129.43751525878906
635,99.8929214477539
636,261.6066589355469
637,229.67724609375
638,169.0662384033203
639,74.25776672363281
640,316.7491149902344
641,308.20611572265625
642,171.6032257080078
643,624.3123168945312
644,469.60467529296875
645,52.73509979248047
646,166.9378204345703
647,3589.335693359375
648,157.695068359375
649,112.54856872558594
650,425.5517883300781
651,267.2327575683594
652,134.55816650390625
653,197.3413543701172
654,4377.05078125
655,92.35228729248047
656,71.17404174804688
657,370.49371337890625
658,816.3175659179688
659,107.65705871582031
660,17.33438491821289
661,18.934242248535156
662,106.76681518554688
663,170.74790954589844
664,137.48776245117188
665,217.15585327148438
666,16.44795036315918
667,11.81008243560791
668,109.67408752441406
669,52.063201904296875
670,125.40998840332031
671,236.38351440429688
672,103.45850372314453
673,178.0779571533203
674,82.47586059570312
675,128.8023223876953
676,42.476558685302734
677,99.96920776367188
678,52.002662658691406
679,103.44853973388672
680,95.77166748046875
681,362.8764953613281
682,158.46241760253906
683,58.19804763793945
684,15.75977897644043
685,77.19343566894531
686,90.90809631347656
687,93.33349609375
688,167.11080932617188
689,568.1071166992188
690,388.8886413574219
691,125.14063262939453
692,186.6902313232422
693,473.4212341308594
694,222.1516876220703
695,231.13165283203125
696,296.1797790527344
697,271.8827819824219
698,78.07257080078125
699,132.72767639160156
700,261.1338195800781
701,112.49813842773438
702,10.729153633117676
703,15.752483367919922
704,20.629728317260742
705,11.945257186889648
706,23.152835845947266
707,14.10339641571045
708,169.66635131835938
709,43.31374740600586
710,193.6744384765625
711,22.073518753051758
712,120.16584014892578
713,145.67111206054688
714,126.56185913085938
715,477.7323913574219
716,135.55442810058594
717,170.607421875
718,209.0547332763672
719,132.70001220703125
720,304.06158447265625
721,463.0716552734375
722,483.34967041015625
723,238.71986389160156
724,487.0665283203125
725,335.5900573730469
726,185.8647918701172
727,680.1358642578125
728,318.55841064453125
729,128.06153869628906
730,186.7418670654297
731,189.61598205566406
732,253.812744140625
733,281.3133544921875
734,286.2434387207031
735,180.34048461914062
736,220.98802185058594
737,205.10462951660156
738,275.72271728515625
739,138.7314453125
740,176.7467498779297
741,463.5870666503906
742,456.267333984375
743,171.6453857421875
744,125.35169219970703
745,476.0360107421875
746,120.96546173095703
747,259.5899963378906
748,169.3843994140625
749,79.48129272460938
750,95.90725708007812
751,135.17837524414062
752,257.23553466796875
753,186.7289581298828
754,71.68473815917969
755,182.38999938964844
756,1414.3551025390625
757,135.66017150878906
758,1221.80859375
759,109.3995590209961
760,146.74412536621094
761,229.64659118652344
762,246.0289764404297
763,165.5576171875
764,306.375244140625
765,104.15982818603516
766,161.68800354003906
767,153.33018493652344
768,129.63975524902344
769,120.24315643310547
770,162.38864135742188
771,453.7537536621094
772,101.48279571533203
773,100.70586395263672
774,104.45775604248047
775,95.07132720947266
776,42.45634078979492
777,285.22772216796875
778,168.8137664794922
779,95.54902648925781
780,78.25819396972656
781,47.7266960144043
782,66.65525817871094
783,209.37435913085938
784,37.54507064819336
785,182.69334411621094
786,101.8864517211914
787,106.29774475097656
788,308.5776672363281
789,217.88717651367188
790,200.5808868408203
791,110.59717559814453
792,279.4377746582031
793,105.00659942626953
794,122.04688262939453
795,20.490921020507812
796,106.86358642578125
797,46.88148498535156
798,47.9096565246582
799,84.27384185791016
800,31.63796615600586
801,695.630615234375
802,60.93242645263672
803,315.05810546875
804,358.47686767578125
805,25.466346740722656
806,105.11365509033203
807,115.86859130859375
808,72.04671478271484
809,35.32558822631836
810,71.40604400634766
811,29.573171615600586
812,69.35027313232422
813,56.626068115234375
814,207.02903747558594
815,240.66929626464844
816,221.07655334472656
817,23.602916717529297
818,53.81425857543945
819,56.60868453979492
820,37.32439041137695
821,151.04843139648438
822,117.25582122802734
823,129.70330810546875
824,244.57586669921875
825,26.95907211303711
826,72.22415924072266
827,37.90074157714844
828,18.230485916137695
829,178.5663604736328
830,210.32115173339844
831,113.06663513183594
832,72.16719055175781
833,104.26402282714844
834,47.69035339355469
835,42.054420471191406
836,17.262548446655273
837,312.98187255859375
838,165.9987030029297
839,180.6961669921875
840,199.3975372314453
841,457.0174560546875
842,158.16136169433594
843,148.28477478027344
844,97.58644104003906
845,192.6610565185547
846,291.7565002441406
847,126.1398696899414
848,268.9393310546875
849,455.97021484375
850,512.3509521484375
851,1064.6854248046875
852,1111.4566650390625
853,466.8731689453125
854,198.44454956054688
855,604.7491455078125
856,449.0526428222656
857,632.1909790039062
858,289.6341552734375
859,82.62189483642578
860,70.52236938476562
861,553.7684936523438
862,125.32606506347656
863,163.902587890625
864,201.62132263183594
865,180.0911102294922
866,307.0897216796875
867,144.1980438232422
868,198.40916442871094
869,383.8661804199219
870,511.6815185546875
871,309.17242431640625
872,28.774730682373047
873,134.32943725585938
874,209.3983154296875
875,126.06513214111328
876,142.47792053222656
877,141.30181884765625
878,79.43093872070312
879,114.04773712158203
880,257.6434631347656
881,307.6625061035156
882,118.81961059570312
883,420.75506591796875
884,142.10467529296875
885,123.3891830444336
886,70.67203521728516
887,158.410888671875
888,166.35899353027344
889,83.93812561035156
890,117.57563018798828
891,237.11097717285156
892,270.12701416015625
893,246.305419921875
894,317.3223876953125
895,126.25053405761719
896,112.84202575683594
897,312.9232177734375
898,113.92913818359375
899,162.3898162841797
900,513.5
901,153.43515014648438
902,211.21018981933594
903,142.28273010253906
904,220.3032989501953
905,139.73220825195312
906,825.0260620117188
907,273.3131103515625
908,192.7665557861328
909,94.81314086914062
910,284.0962219238281
911,588.7000732421875
912,468.901611328125
913,114.34297943115234
914,150.74925231933594
915,222.07362365722656
916,168.05645751953125
917,103.43640899658203
918,130.2984619140625
919,1165.88134765625
920,117.4882583618164
921,418.3106384277344
922,2961.7158203125
923,340.59552001953125
924,214.56634521484375
925,271.7188415527344
926,229.1823272705078
927,289.041748046875
928,372.0730895996094
929,650.52783203125
930,354.684326171875
931,243.64222717285156
932,329.8875427246094
933,291.3223571777344
934,172.96290588378906
935,47.38859939575195
936,80.52870178222656
937,168.69314575195312
938,332.6532897949219
939,83.05909729003906
940,100.34080505371094
941,552.5045776367188
942,114.88726806640625
943,367.4033508300781
944,225.4931182861328
945,160.7879180908203
946,304.93524169921875
947,258.7844543457031
948,219.4020538330078
949,1168.1417236328125
950,217.16299438476562
951,213.2587890625
952,1257.1427001953125
953,268.6812744140625
954,162.99172973632812
955,253.15098571777344
956,328.8589782714844
957,161.32965087890625
958,483.38470458984375
959,170.36720275878906
960,139.23928833007812
961,134.30592346191406
962,263.01129150390625
963,269.17987060546875
964,129.81040954589844
965,487.2581787109375
966,475.2111511230469
967,170.9332275390625
968,251.2476806640625
969,241.1251983642578
970,448.26470947265625
971,210.92596435546875
972,469.53460693359375
973,148.0589599609375
974,293.23504638671875
975,243.51922607421875
976,466.61590576171875
977,307.4629211425781
978,255.80001831054688
979,146.66822814941406
980,267.1003723144531
981,389.0404052734375
982,402.4571533203125
983,188.43765258789062
984,136.61688232421875
985,174.3425750732422
986,258.52386474609375
987,191.78233337402344
988,222.69374084472656
989,220.4628143310547
990,526.3020629882812
991,84.48943328857422
992,144.77268981933594
993,369.5458679199219
994,343.6024169921875
995,76.35150146484375
996,84.02005767822266
997,241.18626403808594
998,75.97673797607422
999,131.6257781982422
1000,362.4648742675781
1001,77.29093170166016
1002,86.05274200439453
1003,313.51690673828125
1004,68.8512191772461
1005,79.42586517333984
1006,74.4836654663086
1007,31.536531448364258
1008,81.54480743408203
1009,110.97503662109375
1010,61.06771469116211
1011,77.68758392333984
1012,148.6742401123047
1013,456.0708923339844
1014,286.3563537597656
1015,113.4967041015625
1016,488.23870849609375
1017,268.7666320800781
1018,406.0055236816406
1019,314.3883361816406
1020,106.7739486694336
1021,299.1288146972656
1022,223.107421875
1023,456.4686279296875
1024,812.2503051757812
1025,98.90304565429688
1026,163.29730224609375
1027,197.14817810058594
1028,72.93644714355469
1029,266.30047607421875
1030,145.13404846191406
1031,605.5083618164062
1032,203.11663818359375
1033,213.44180297851562
1034,220.45567321777344
1035,320.04931640625
1036,142.493408203125
1037,268.7485656738281
1038,274.0541076660156
1039,227.01560974121094
1040,309.2408142089844
1041,878.1799926757812
1042,86.47390747070312
1043,330.11004638671875
1044,202.2721710205078
1045,179.45948791503906
1046,169.8499298095703
1047,195.3175506591797
1048,225.77017211914062
1049,266.74285888671875
1050,306.7166748046875
1051,326.90545654296875
1052,434.3442077636719
1053,184.64540100097656
1054,310.85809326171875
1055,88.56169128417969
1056,610.0138549804688
1057,264.66387939453125
1058,252.29237365722656
1059,97.87700653076172
1060,211.06048583984375
1061,539.6113891601562
1062,274.8952941894531
1063,184.58078002929688
1064,289.3471984863281
1065,464.8680725097656
1066,72.61717987060547
1067,201.2310791015625
1068,472.6588134765625
1069,245.79246520996094
1070,280.4289855957031
1071,160.01832580566406
1072,203.29957580566406
1073,616.9859008789062
1074,73.60112762451172
1075,426.5954895019531
1076,149.8975372314453
1077,154.33409118652344
1078,175.18692016601562
1079,115.95602416992188
1080,232.4969940185547
1081,222.15008544921875
1082,237.00144958496094
1083,198.0349578857422
1084,236.17068481445312
1085,120.25347900390625
1086,329.8648986816406
1087,162.41978454589844
1088,186.7404327392578
1089,159.293701171875
1090,149.54266357421875
1091,367.2865295410156
1092,121.99241638183594
1093,382.49090576171875
1094,467.90460205078125
1095,210.30712890625
1096,122.87554931640625
1097,191.0012969970703
1098,448.0401306152344
1099,230.586181640625
1100,37.69860076904297
1101,460.24444580078125
1102,422.6952209472656
1103,719.7340087890625
1104,142.54730224609375
1105,160.9866180419922
1106,249.25120544433594
1107,146.86508178710938
1108,173.4810333251953
1109,25.18935203552246
1110,662.1028442382812
1111,310.406005859375
1112,176.24339294433594
1113,239.7057342529297
1114,252.0027313232422
1115,166.5292510986328
1116,254.08689880371094
1117,269.6764221191406
1118,269.3632507324219
1119,559.8092651367188
1120,133.597900390625
1121,172.7323760986328
1122,120.15850067138672
1123,302.5182189941406
1124,361.0724792480469
1125,93.59001922607422
1126,299.46917724609375
1127,127.03987884521484
1128,147.03892517089844
1129,247.87278747558594
1130,233.9442596435547
1131,424.52081298828125
1132,155.48419189453125
1133,117.52433776855469
1134,123.0490493774414
1135,204.40274047851562
1136,188.84523010253906
1137,205.71542358398438
1138,675.0403442382812
1139,176.2157440185547
1140,521.5765380859375
1141,148.8758544921875
1142,119.90654754638672
1143,205.78421020507812
1144,256.8603515625
1145,107.76409149169922
1146,208.72752380371094
1147,225.01011657714844
1148,284.58038330078125
1149,325.818115234375
1150,104.13370513916016
1151,214.73101806640625
1152,387.690185546875
1153,119.79584503173828
1154,118.70352172851562
1155,223.23086547851562
1156,1274.66455078125
1157,113.45915985107422
1158,219.58888244628906
1159,248.387451171875
1160,244.30020141601562
1161,453.9140930175781
1162,287.6922912597656
1163,372.9533996582031
1164,164.8893585205078
1165,237.19692993164062
1166,348.7637939453125
1167,100.82897186279297
1168,89.7654800415039
1169,69.58267211914062
1170,95.23944091796875
1171,167.6982421875
1172,142.4599151611328
1173,267.2479248046875
1174,111.71116638183594
1175,202.41632080078125
1176,175.763916015625
1177,393.97515869140625
1178,76.55926513671875
1179,172.8997344970703
1180,140.08993530273438
1181,123.60218048095703
1182,153.22509765625
1183,212.05787658691406
1184,216.433349609375
1185,264.97906494140625
1186,73.78645324707031
1187,137.99546813964844
1188,526.072998046875
1189,220.2510986328125
1190,400.7541198730469
1191,106.83495330810547
1192,79.3212890625
1193,127.53611755371094
1194,296.8377990722656
1195,164.52908325195312
1196,78.67608642578125
1197,260.1778869628906
1198,70.11162567138672
1199,294.1629943847656
1200,121.3787612915039
1201,235.40716552734375
1202,438.2407531738281
1203,159.3389129638672
1204,79.5674819946289
1205,53.48982620239258
1206,70.62157440185547
1207,128.45265197753906
1208,308.2794189453125
1209,101.7840347290039
1210,207.92051696777344
1211,22.51072120666504
1212,40.464195251464844
1213,42.50598907470703
1214,57.966209411621094
1215,112.70238494873047
1216,32.35557556152344
1217,134.35800170898438
1218,369.6556396484375
1219,191.29798889160156
1220,79.8177490234375
1221,136.68060302734375
1222,29.764312744140625
1223,329.51904296875
1224,479.6563415527344
1225,171.0013885498047
1226,531.701904296875
1227,168.44564819335938
1228,92.42840576171875
1229,266.07476806640625
1230,472.85699462890625
1231,293.7894287109375
1232,23.271560668945312
1233,238.9487762451172
1234,44.17876434326172
1235,84.06160736083984
1236,195.4650421142578
1237,122.1663589477539
1238,234.093017578125
1239,165.30606079101562
1240,169.23988342285156
1241,36.07550811767578
1242,204.7882843017578
1243,131.1684112548828
1244,96.23384094238281
1245,260.49493408203125
1246,254.1564483642578
1247,219.46243286132812
1248,192.1623992919922
1249,225.16390991210938
1250,81.81900787353516
1251,119.14476776123047
1252,189.33409118652344
1253,468.2742004394531
1254,145.47625732421875
1255,181.29364013671875
1256,161.91514587402344
1257,305.1624450683594
1258,170.65786743164062
1259,465.9517517089844
1260,121.89659118652344
1261,355.46978759765625
1262,184.98045349121094
1263,297.28057861328125
1264,487.0995178222656
1265,474.25091552734375
1266,187.93434143066406
1267,439.6059875488281
1268,213.05123901367188
1269,170.85623168945312
1270,345.79388427734375
1271,208.5034942626953
1272,461.95458984375
1273,495.2165832519531
1274,681.5653686523438
1275,284.48065185546875
1276,179.5170135498047
1277,206.62222290039062
1278,273.1889343261719
1279,315.3226013183594
1280,209.77450561523438
1281,583.8931884765625
1282,361.94036865234375
1283,143.64393615722656
1284,1888.108154296875
1285,658.08154296875
1286,220.80516052246094
1287,501.39410400390625
1288,224.01077270507812
1289,94.6295394897461
1290,131.48326110839844
1291,278.7571716308594
1292,358.1679382324219
1293,218.17880249023438
1294,462.54815673828125
1295,324.42919921875
1296,203.0331573486328
1297,599.0343627929688
1298,319.2769470214844
1299,348.1681213378906
1300,432.68798828125
1301,749.443115234375
1302,176.28440856933594
1303,220.12741088867188
1304,386.7453918457031
1305,798.24267578125
1306,283.9833984375
1307,91.20382690429688
1308,194.9736328125
1309,80.34601593017578
1310,346.540771484375
1311,91.73462677001953
1312,284.2514953613281
1313,208.3048553466797
1314,265.2857971191406
1315,404.5256652832031
1316,420.9037780761719
1317,278.8378601074219
1318,455.5281982421875
1319,238.8873748779297
1320,268.5755920410156
1321,285.6839904785156
1322,419.501953125
1323,314.2270812988281
1324,368.7924499511719
1325,212.53457641601562
1326,200.77781677246094
1327,233.3321990966797
1328,399.1053466796875
1329,475.84332275390625
1330,484.9157409667969
1331,434.1613464355469
1332,83.3041000366211
1333,344.3504943847656
1334,414.7103576660156
1335,120.0159683227539
1336,206.0429229736328
1337,370.5843200683594
1338,116.0280990600586
1339,206.86245727539062
1340,93.16595458984375
1341,375.6015319824219
1342,121.1914291381836
1343,84.98561096191406
1344,183.00836181640625
1345,204.96022033691406
1346,331.62493896484375
1347,130.92901611328125
1348,225.39239501953125
1349,146.80633544921875
1350,466.07330322265625
1351,371.12615966796875
1352,146.87852478027344
1353,161.971435546875
1354,347.9722900390625
1355,194.7865753173828
1356,70.42713165283203
1357,89.86557006835938
1358,32.784542083740234
1359,172.961669921875
1360,154.29302978515625
1361,108.25745391845703
1362,55.947574615478516
1363,105.3060531616211
1364,32.01176834106445
1365,282.82379150390625
1366,478.61773681640625
1367,150.06060791015625
1368,123.5725326538086
1369,48.49646759033203
1370,39.04404067993164
1371,47.55683898925781
1372,257.84869384765625
1373,147.790283203125
1374,23.052236557006836
1375,226.6940155029297
1376,172.97247314453125
1377,108.42695617675781
1378,76.28923034667969
1379,414.8412780761719
1380,68.2767562866211
1381,202.8768768310547
1382,15.336302757263184
1383,171.8865966796875
1384,387.3304138183594
1385,533.4686889648438
1386,504.13525390625
1387,117.97351837158203
1388,362.93585205078125
1389,130.37876892089844
1390,239.24429321289062
1391,169.25384521484375
1392,678.0760498046875
1393,142.52548217773438
1394,186.83164978027344
1395,32.23188018798828
1396,51.91465759277344
1397,140.27696228027344
1398,435.52716064453125
1399,370.2072448730469
1400,173.57777404785156
1401,240.93785095214844
1402,156.28236389160156
1403,310.77642822265625
1404,79.95648956298828
1405,607.1157836914062
1406,133.86329650878906
1407,190.674072265625
1408,124.61900329589844
1409,191.1594696044922
1410,520.4962158203125
1411,465.5753173828125
1412,114.85900115966797
1413,86.7837142944336
1414,272.5127868652344
1415,143.2091827392578
1416,2799.799560546875
1417,314.5622863769531
1418,788.7984008789062
1419,192.7627716064453
1420,355.8143615722656
1421,194.82913208007812
1422,188.53057861328125
1423,175.880126953125
1424,469.1243591308594
1425,199.18894958496094
1426,149.6291046142578
1427,470.1614685058594
1428,193.8685760498047
1429,928.3070678710938
1430,406.883056640625
1431,431.7938537597656
1432,855.5697631835938
1433,1267.8819580078125
1434,457.5045471191406
1435,85.09846496582031
1436,147.71934509277344
1437,101.88780212402344
1438,202.60984802246094
1439,62.560768127441406
1440,621.3427734375
1441,104.72207641601562
1442,311.73968505859375
1443,82.08982849121094
1444,69.34944915771484
1445,568.6268920898438
1446,602.7908935546875
1447,1746.9591064453125
1448,124.7745590209961
1449,197.78817749023438
1450,745.5554809570312
1451,408.9717712402344
1452,173.0668487548828
1453,152.64418029785156
1454,190.88812255859375
1455,724.8786010742188
1456,210.01971435546875
1457,313.10455322265625
1458,232.2459259033203
1459,168.61456298828125
1460,179.52503967285156
1461,387.8878479003906
1462,430.5465393066406
1463,132.40396118164062
1464,89.93389892578125
1465,71.61906433105469
1466,122.56336212158203
1467,65.95184326171875
1468,173.27088928222656
1469,133.8382110595703
1470,74.36406707763672
1471,891.1718139648438
1472,151.1897430419922
1473,314.4886474609375
1474,272.61248779296875
1475,280.90557861328125
1476,206.75802612304688
1477,191.1256561279297
1478,117.8553237915039
1479,877.4692993164062
1480,490.94659423828125
1481,471.34014892578125
1482,312.9971008300781
1483,116.5433349609375
1484,395.0992431640625
1485,198.9045867919922
1486,89.98979187011719
1487,689.3834228515625
1488,264.1225280761719
1489,372.3102111816406
1490,154.63169860839844
1491,386.761962890625
1492,489.51080322265625
1493,93.32801818847656
1494,36.76439666748047
1495,217.48931884765625
1496,517.6355590820312
1497,512.182373046875
1498,130.91502380371094
1499,217.23611450195312
1500,71.81964111328125
1501,299.399658203125
1502,434.217041015625
1503,464.9108581542969
1504,618.690185546875
1505,682.8526000976562
1506,322.3230285644531
1507,602.9840698242188
1508,182.16514587402344
1509,158.2811737060547
1510,360.7428894042969
1511,218.416748046875
1512,186.6717987060547
1513,48.35893249511719
1514,290.3040771484375
1515,242.0777130126953
1516,101.22823333740234
1517,76.45962524414062
1518,120.7328872680664
1519,119.23194885253906
1520,284.8968811035156
1521,491.7406005859375
1522,241.91119384765625
1523,660.9042358398438
1524,266.29132080078125
1525,127.14854431152344
1526,129.31678771972656
1527,264.1100769042969
1528,76.33369445800781
1529,134.65174865722656
1530,218.2482147216797
1531,173.53878784179688
1532,259.4562072753906
1533,111.9266357421875
1534,304.5047302246094
1535,156.98727416992188
1536,108.8944091796875
1537,498.3224792480469
1538,145.3800048828125
1539,62.929222106933594
1540,205.96405029296875
1541,335.2934875488281
1542,222.5587158203125
1543,203.61622619628906
1544,206.82864379882812
1545,185.78433227539062
1546,182.19650268554688
1547,133.4608154296875
1548,233.1703643798828
1549,11536.228515625
1550,319.5450134277344
1551,107.2885971069336
1552,1831.1826171875
1553,114.19967651367188
1554,131.08892822265625
1555,40.03154373168945
1556,76.1475601196289
1557,50.78019714355469
1558,135.46713256835938
1559,141.43893432617188
1560,479.01776123046875
1561,109.49579620361328
1562,187.2189483642578
1563,102.01634216308594
1564,138.89566040039062
1565,268.0597229003906
1566,167.36448669433594
1567,128.64524841308594
1568,95.64278411865234
1569,131.2511749267578
1570,110.68348693847656
1571,243.46812438964844
1572,149.61862182617188
1573,257.4136962890625
1574,198.804931640625
1575,77.32698059082031
1576,82.34339141845703
1577,198.1431121826172
1578,185.34951782226562
1579,169.53106689453125
1580,362.26568603515625
1581,209.3274383544922
1582,254.67422485351562
1583,108.22663116455078
1584,171.7800750732422
1585,147.54847717285156
1586,116.82024383544922
1587,322.6590270996094
1588,195.3428955078125
1589,113.56871795654297
1590,157.90658569335938
1591,212.1637725830078
1592,256.4097595214844
1593,464.69677734375
1594,345.2623596191406
1595,293.4017639160156
1596,360.3880310058594
1597,105.41451263427734
1598,169.61434936523438
1599,293.8485412597656
1600,82.42396545410156
1601,126.72447967529297
1602,197.5512237548828
1603,205.4417266845703
1604,90.94182586669922
1605,903.7350463867188
1606,292.79351806640625
1607,407.8368225097656
1608,345.80194091796875
1609,115.04108428955078
1610,417.6232604980469
1611,195.5432586669922
1612,309.03179931640625
1613,140.32005310058594
1614,198.07803344726562
1615,294.6047668457031
1616,268.5227355957031
1617,205.477783203125
1618,209.02113342285156
1619,395.51995849609375
1620,172.19479370117188
1621,324.23138427734375
1622,129.45016479492188
1623,133.77850341796875
1624,207.77511596679688
1625,212.28338623046875
1626,295.2888488769531
1627,601.6488037109375
1628,33.24177169799805
1629,787.0791015625
1630,117.04081726074219
1631,581.3941650390625
1632,147.34255981445312
1633,273.6798400878906
1634,385.369140625
1635,221.0978546142578
1636,151.23207092285156
1637,1311.320068359375
1638,22.388547897338867
1639,5253.70361328125
1640,252.45327758789062
1641,105.12908935546875
1642,105.3405532836914
1643,108.15987396240234
1644,88.39908599853516
1645,542.0905151367188
1646,120.95646667480469
1647,134.3220672607422
1648,75.60442352294922
1649,299.50146484375
1650,241.5925750732422
1651,59.398475646972656
1652,376.2163391113281
1653,1340.6285400390625
1654,412.091552734375
1655,444.40338134765625
1656,101.73153686523438
1657,287.5050964355469
1658,127.90208435058594
1659,248.70803833007812
1660,85.502685546875
1661,243.55091857910156
1662,136.6687469482422
1663,61.42491149902344
1664,159.8641815185547
1665,608.2911376953125
1666,16.690845489501953
1667,56.40764236450195
1668,265.379150390625
1669,208.97430419921875
1670,353.0221862792969
1671,158.89157104492188
1672,131.5717010498047
1673,126.8476333618164
1674,51.508995056152344
1675,256.8282470703125
1676,234.21192932128906
1677,181.97796630859375
1678,125.48948669433594
1679,223.7122039794922
1680,232.19586181640625
1681,125.1965103149414
1682,280.5442810058594
1683,390.8497619628906
1684,519.5829467773438
1685,210.76158142089844
1686,152.74435424804688
1687,293.0255126953125
1688,360.3955993652344
1689,67.63610076904297
1690,96.57561492919922
1691,154.52996826171875
1692,57.273921966552734
1693,101.01616668701172
1694,214.55662536621094
1695,66.3401107788086
1696,75.98086547851562
1697,56.17532730102539
1698,135.0340118408203
1699,237.4892578125
1700,110.9832992553711
1701,67.10050201416016
1702,89.69638061523438
1703,73.44377899169922
1704,146.8463897705078
1705,185.6658477783203
1706,143.11367797851562
1707,299.1838684082031
1708,238.42454528808594
1709,64.28821563720703
1710,326.1019287109375
1711,43.157981872558594
1712,137.3555908203125
1713,175.40591430664062
1714,698.1209106445312
1715,313.2576599121094
1716,100.71868896484375
1717,173.0375518798828
1718,220.8514862060547
1719,290.9881591796875
1720,68.86490631103516
1721,845.4214477539062
1722,247.67852783203125
1723,125.5975341796875
1724,218.19827270507812
1725,302.6225280761719
1726,1938.5433349609375
1727,199.17889404296875
1728,169.9806365966797
1729,268.4071350097656
1730,212.916259765625
1731,112.72564697265625
1732,314.8335876464844
1733,450.80389404296875
1734,108.1136245727539
1735,132.66464233398438
1736,160.27047729492188
1737,112.23136901855469
1738,386.7164306640625
1739,107.48799896240234
1740,39.99234390258789
1741,209.90476989746094
1742,199.79888916015625
1743,407.79888916015625
1744,98.21333312988281
1745,171.0216064453125
1746,333.3257141113281
1747,283.7068786621094
1748,115.62696075439453
1749,238.2652130126953
1750,344.2237548828125
1751,177.8230438232422
1752,431.71771240234375
1753,395.24676513671875
1754,231.8395233154297
1755,213.18629455566406
1756,496.0496520996094
1757,312.708740234375
1758,401.4275207519531
1759,20.801782608032227
1760,226.98541259765625
1761,734.5908813476562
1762,485.633544921875
1763,315.28338623046875
1764,396.5387878417969
1765,523.4052124023438
1766,419.436767578125
1767,211.9281768798828
1768,216.74111938476562
1769,418.580810546875
1770,273.0640563964844
1771,325.7881164550781
1772,308.6169738769531
1773,142.79690551757812
1774,183.4818572998047
1775,302.80499267578125
1776,1348.1185302734375
1777,222.67962646484375
1778,250.2374725341797
1779,171.35678100585938
1780,371.390625
1781,153.28195190429688
1782,407.8023681640625
1783,356.06201171875
1784,180.2185821533203
1785,116.92517852783203
1786,18.931386947631836
1787,386.7444763183594
1788,380.23797607421875
1789,317.5274963378906
1790,295.0451965332031
1791,321.2849426269531
1792,241.5186309814453
1793,6.927862644195557
1794,278.7637023925781
1795,328.4580993652344
1796,289.6037902832031
1797,362.3670959472656
1798,396.4179382324219
1799,184.296630859375
1800,240.25042724609375
1801,149.90870666503906
1802,65.39851379394531
1803,107.00341033935547
1804,62.43748092651367
1805,227.30613708496094
1806,188.33056640625
1807,148.28073120117188
1808,175.7247772216797
1809,145.12913513183594
1810,135.59393310546875
1811,166.65634155273438
1812,70.70709228515625
1813,549.0206298828125
1814,163.5669403076172
1815,239.56907653808594
1816,133.30455017089844
1817,156.23049926757812
1818,291.1938781738281
1819,122.83641052246094
1820,197.91610717773438
1821,34.72412872314453
1822,65.5066909790039
1823,150.54925537109375
1824,36.77360153198242
1825,84.15779113769531
1826,170.84701538085938
1827,169.14686584472656
1828,180.1391143798828
1829,169.37551879882812
1830,449.6885986328125
1831,118.9055404663086
1832,57.749305725097656
1833,59.303131103515625
1834,221.6590118408203
1835,167.7296600341797
1836,789.9652709960938
1837,316.6893310546875
1838,265.821533203125
1839,169.42405700683594
1840,207.70458984375
1841,438.47906494140625
1842,322.2166748046875
1843,241.8135223388672
1844,219.4398193359375
1845,129.22218322753906
1846,212.48147583007812
1847,75.55054473876953
1848,179.8269805908203
1849,246.09046936035156
1850,151.6684112548828
1851,420.8226623535156
1852,349.4645080566406
1853,106.51678466796875
1854,306.1796875
1855,68.71218872070312
1856,185.2202606201172
1857,155.45831298828125
1858,175.12904357910156
1859,152.86268615722656
1860,165.47915649414062
1861,76.27188110351562
1862,336.38677978515625
1863,111.40162658691406
1864,178.30592346191406
1865,164.74200439453125
1866,243.23223876953125
1867,150.5332489013672
1868,153.31849670410156
1869,77.16826629638672
1870,106.5948715209961
1871,49.89896774291992
1872,119.73051452636719
1873,398.3731384277344
1874,36.475868225097656
1875,33.185081481933594
1876,412.09564208984375
1877,233.6021728515625
1878,82.68246459960938
1879,223.69918823242188
1880,70.98210906982422
1881,58.28986358642578
1882,56.20694351196289
1883,200.20266723632812
1884,292.78167724609375
1885,12.270881652832031
1886,157.76907348632812
1887,205.35348510742188
1888,49.67822265625
1889,101.08715057373047
1890,93.19571685791016
1891,218.82749938964844
1892,20.11753273010254
1893,55.72599792480469
1894,625.2183227539062
1895,9.231146812438965
1896,81.77641296386719
1897,130.1345977783203
1898,13.794325828552246
1899,291.024658203125
1900,96.4572982788086
1901,13.999561309814453
1902,284.3041076660156
1903,25.24456214904785
1904,112.74252319335938
1905,35.84605026245117
1906,57.136932373046875
1907,23.28588104248047
1908,504.0672302246094
1909,13.31155014038086
1910,487.357666015625
1911,671.8374633789062
1912,13.356780052185059
1913,289.46612548828125
1914,17.439435958862305
1915,102.5848388671875
1916,190.95632934570312
1917,44.373783111572266
1918,283.79388427734375
1919,219.55850219726562
1920,60.02613067626953
1921,34.418888092041016
1922,188.5862274169922
1923,123.6546401977539
1924,44.081031799316406
1925,78.6876449584961
1926,92.03308868408203
1927,143.8775634765625
1928,50.588314056396484
1929,78.80535888671875
1930,283.60015869140625
1931,19.724525451660156
1932,113.01229858398438
1933,272.4107971191406
1934,98.4775390625
1935,294.2709045410156
1936,337.39239501953125
1937,143.3328399658203
1938,332.79351806640625
1939,147.98048400878906
1940,445.8377380371094
1941,94.42845916748047
1942,86.95972442626953
1943,199.67079162597656
1944,137.03228759765625
1945,43.18681335449219
1946,101.6174087524414
1947,200.54290771484375
1948,121.30284118652344
1949,224.06471252441406
1950,173.48939514160156
1951,159.2564239501953
1952,132.88795471191406
1953,153.99029541015625
1954,192.7371368408203
1955,150.48809814453125
1956,312.41302490234375
1957,64.4959945678711
1958,46.71951675415039
1959,158.2157440185547
1960,108.41184997558594
1961,115.96769714355469
1962,200.43458557128906
1963,365.6634521484375
1964,150.25479125976562
1965,559.9345092773438
1966,160.70523071289062
1967,370.0882873535156
1968,167.07797241210938
1969,25.502098083496094
1970,280.3608093261719
1971,149.39712524414062
1972,268.77752685546875
1973,181.2675323486328
1974,159.7041778564453
1975,111.75827026367188
1976,126.21580505371094
1977,176.39353942871094
1978,186.75389099121094
1979,257.5082092285156
1980,86.24510955810547
1981,53.29228973388672
1982,185.88375854492188
1983,102.23065185546875
1984,156.9417724609375
1985,143.94049072265625
1986,140.6121368408203
1987,391.4762878417969
1988,520.1134033203125
1989,139.55029296875
1990,219.34274291992188
1991,136.68080139160156
1992,158.73883056640625
1993,50.318756103515625
1994,350.35614013671875
1995,503.6672058105469
1996,179.452392578125
1997,108.5960922241211
1998,144.06895446777344
1999,55.561546325683594
2000,316.4073486328125
2001,210.91188049316406
2002,679.3932495117188
2003,172.53135681152344
2004,144.31497192382812
2005,267.6701965332031
2006,74.76110076904297
2007,47.09013366699219
2008,121.24512481689453
2009,274.61517333984375
2010,426.0857849121094
2011,154.30767822265625
2012,148.53712463378906
2013,173.8375244140625
2014,179.77597045898438
2015,836.802001953125
2016,157.1227569580078
2017,667.5902099609375
2018,139.49122619628906
2019,228.8360595703125
2020,142.43348693847656
2021,145.42535400390625
2022,56.446739196777344
2023,123.6137924194336
2024,340.1344299316406
2025,154.06976318359375
2026,119.27424621582031
2027,197.7449951171875
2028,225.370361328125
2029,239.50579833984375
2030,264.6025695800781
2031,124.72357177734375
2032,218.6285858154297
2033,311.8089599609375
2034,179.31954956054688
2035,162.2476348876953
2036,203.3337860107422
2037,189.5885772705078
2038,99.44707489013672
2039,154.20933532714844
2040,63.833377838134766
2041,125.42756652832031
2042,129.29127502441406
2043,155.06564331054688
2044,213.7959747314453
2045,152.01702880859375
2046,30.11766242980957
2047,165.5061492919922
2048,35.09156036376953
2049,408.6174011230469
2050,202.52976989746094
2051,258.82147216796875
2052,46.22252655029297
2053,504.8302307128906
2054,109.51083374023438
2055,218.07052612304688
2056,165.49652099609375
2057,197.7637481689453
2058,25.350236892700195
2059,16.644807815551758
2060,55.062984466552734
2061,97.20612335205078
2062,28.087596893310547
2063,1154.4339599609375
2064,38.443111419677734
2065,744.0269775390625
2066,55.40635299682617
2067,16.87533187866211
2068,49.617889404296875
2069,17.179443359375
2070,62.87703323364258
2071,1434.6822509765625
2072,142.2650909423828
2073,130.93218994140625
2074,117.36221313476562
2075,1333.17138671875
2076,320.5335998535156
2077,2029.2803955078125
2078,129.9105987548828
2079,965.6820678710938
2080,116.74250793457031
2081,1055.8953857421875
2082,226.37200927734375
2083,3227.97705078125
2084,96.18557739257812
2085,1035.426513671875
2086,176.75645446777344
2087,71.50141143798828
2088,84.09416961669922
2089,328.63134765625
2090,180.55929565429688
2091,435.7440490722656
2092,105.2455062866211
2093,938.4877319335938
2094,71.3815689086914
2095,182.03662109375
2096,241.8440704345703
2097,130.55906677246094
2098,278.12835693359375
2099,110.66443634033203
2100,77.38636779785156
2101,169.58409118652344
2102,41.25855255126953
2103,114.9528579711914
2104,309.1103515625
2105,151.87733459472656
2106,406.9125671386719
2107,206.71693420410156
2108,102.19283294677734
2109,79.21243286132812
2110,235.9365692138672
2111,188.50343322753906
2112,170.0102081298828
2113,177.8065185546875
2114,156.32833862304688
2115,194.54579162597656
2116,193.3939971923828
2117,278.6824951171875
2118,249.94329833984375
2119,387.0062255859375
2120,325.9372863769531
2121,519.6272583007812
2122,149.7647247314453
2123,251.87623596191406
2124,218.7450714111328
2125,265.0681457519531
2126,932.9501342773438
2127,263.3719787597656
2128,228.23114013671875
2129,239.7674560546875
2130,243.05239868164062
2131,66.40751647949219
2132,237.83229064941406
2133,94.66446685791016
2134,442.0350646972656
2135,167.24082946777344
2136,145.5722198486328
2137,87.5751724243164
2138,56.20933151245117
2139,425.4146423339844
2140,194.2801971435547
2141,170.38516235351562
2142,195.88772583007812
2143,256.2716369628906
2144,247.09132385253906
2145,202.15878295898438
2146,79.30949401855469
2147,170.84359741210938
2148,183.70729064941406
2149,285.5476379394531
2150,126.25992584228516
2151,174.49119567871094
2152,314.9592590332031
2153,460.25982666015625
2154,111.73397064208984
2155,96.78044128417969
2156,374.8572082519531
2157,252.18881225585938
2158,421.8368225097656
2159,132.4955291748047
2160,239.22296142578125
2161,222.88954162597656
2162,226.62669372558594
2163,398.2037353515625
2164,166.78799438476562
2165,39.15766143798828
2166,190.6286163330078
2167,91.134521484375
2168,289.96484375
2169,117.66104888916016
2170,1747.1514892578125
2171,329.5476379394531
2172,2380.165283203125
2173,232.76699829101562
2174,124.02027130126953
2175,312.51373291015625
2176,241.2443389892578
2177,108.30210876464844
2178,788.7811279296875
2179,279.2053527832031
2180,130.3311004638672
2181,212.444091796875
2182,199.1352996826172
2183,643.0180053710938
2184,131.81239318847656
2185,251.1993865966797
2186,168.0366668701172
2187,141.01104736328125
2188,156.15802001953125
2189,381.8334045410156
2190,76.01565551757812
2191,173.92623901367188
2192,287.56146240234375
2193,196.22972106933594
2194,146.93821716308594
2195,976.1534423828125
2196,203.52984619140625
2197,443.8857727050781
2198,48.28862762451172
2199,115.74444580078125
2200,111.97457122802734
2201,239.23287963867188
2202,146.73333740234375
2203,217.2331085205078
2204,92.39385986328125
2205,87.49632263183594
2206,84.24688720703125
2207,56.793373107910156
2208,55.32627868652344
2209,1284.098388671875
2210,896.1947021484375
2211,55.07585144042969
2212,240.68637084960938
2213,244.13088989257812
2214,408.7571105957031
2215,455.9980163574219
2216,111.7717514038086
2217,25.399133682250977
2218,174.93365478515625
2219,181.9467315673828
2220,115.7472152709961
2221,43.23662185668945
2222,78.89322662353516
2223,66.38763427734375
2224,107.16388702392578
2225,87.76370239257812
2226,206.56576538085938
2227,413.66339111328125
2228,214.8948211669922
2229,117.31258392333984
2230,206.6788787841797
2231,122.92776489257812
2232,119.26634216308594
2233,155.97348022460938
2234,184.55174255371094
2235,242.97337341308594
2236,407.3810119628906
2237,214.656494140625
2238,222.61135864257812
2239,169.5068817138672
2240,193.24974060058594
2241,107.40171813964844
2242,140.0135955810547
2243,385.2510070800781
2244,279.3174743652344
2245,353.24835205078125
2246,427.0955810546875
2247,257.15814208984375
2248,257.4840393066406
2249,113.55755615234375
2250,574.7305908203125
2251,147.75689697265625
2252,121.62736511230469
2253,109.11483764648438
2254,105.79818725585938
2255,185.27854919433594
2256,181.31092834472656
2257,246.6046142578125
2258,114.47500610351562
2259,161.92185974121094
2260,64.22549438476562
2261,229.49574279785156
2262,233.814453125
2263,101.931396484375
2264,37.53425979614258
2265,140.49203491210938
2266,26.737497329711914
2267,163.66751098632812
2268,35.747520446777344
2269,116.69281005859375
2270,89.62626647949219
2271,721.2178344726562
2272,235.93588256835938
2273,168.40011596679688
2274,47.92634582519531
2275,190.0782012939453
2276,168.3434295654297
2277,423.65972900390625
2278,52.345420837402344
2279,225.3282470703125
2280,1068.923828125
2281,295.2669982910156
2282,150.2732696533203
2283,409.35595703125
2284,171.7257537841797
2285,137.66043090820312
2286,598.4918823242188
2287,47.727787017822266
2288,152.45977783203125
2289,96.84687042236328
2290,126.82530975341797
2291,336.97998046875
2292,64.5640640258789
2293,305.9631042480469
2294,157.61868286132812
2295,345.0146789550781
2296,64.48344421386719
2297,159.76190185546875
2298,120.21288299560547
2299,221.0704345703125
2300,117.760498046875
2301,889.1670532226562
2302,59.05449295043945
2303,105.06254577636719
2304,412.27490234375
2305,674.0213623046875
2306,2301.2958984375
2307,175.5154266357422
2308,163.698486328125
2309,242.90838623046875
2310,94.15105438232422
2311,141.592041015625
2312,480.6500549316406
2313,77.53887939453125
2314,214.65773010253906
2315,260.0208740234375
2316,100.4752426147461
2317,171.49630737304688
2318,79.84131622314453
2319,26.327390670776367
2320,82.3316879272461
2321,123.00469207763672
2322,77.24889373779297
2323,308.6253662109375
2324,265.3315734863281
2325,841.9853515625
2326,258.41058349609375
2327,93.29438781738281
2328,218.06980895996094
2329,265.67303466796875
2330,376.5792541503906
2331,235.6780548095703
2332,160.022216796875
2333,343.2601623535156
2334,236.855712890625
2335,96.14114379882812
2336,226.01951599121094
2337,185.99627685546875
2338,646.9750366210938
2339,84.2433090209961
2340,662.212158203125
2341,216.01844787597656
2342,223.4503631591797
2343,144.7198944091797
2344,43.406951904296875
2345,843.0089721679688
2346,177.4852294921875
2347,173.8247528076172
2348,131.73980712890625
2349,62.644325256347656
2350,1259.4417724609375
2351,204.47340393066406
2352,153.360107421875
2353,223.38719177246094
2354,256.47296142578125
2355,353.5983581542969
2356,38.963287353515625
2357,102.03288269042969
2358,105.74956512451172
2359,355.926025390625
2360,137.59288024902344
2361,63.087684631347656
2362,279.1182861328125
2363,123.04676055908203
2364,261.6072998046875
2365,83.09260559082031
2366,49.42336654663086
2367,17.649303436279297
2368,47.956783294677734
2369,202.43360900878906
2370,96.4953384399414
2371,117.41545104980469
2372,86.1960220336914
2373,20.754186630249023
2374,177.83738708496094
2375,128.16270446777344
2376,278.900634765625
2377,252.22561645507812
2378,57.8885612487793
2379,107.68724822998047
2380,37.497802734375
2381,350.4652404785156
2382,104.40960693359375
2383,222.6591339111328
2384,322.3846435546875
2385,41.712730407714844
2386,25.992572784423828
2387,52.778404235839844
2388,374.29296875
2389,78.79578399658203
2390,188.88699340820312
2391,19.207664489746094
2392,40.75794982910156
2393,52.24778366088867
2394,63.06398010253906
2395,14.538153648376465
2396,44.55526351928711
2397,44.70669174194336
2398,100.96160888671875
2399,57.478755950927734
2400,147.68630981445312
2401,166.2869110107422
2402,111.17689514160156
2403,86.54337310791016
2404,43.38990020751953
2405,587.7982177734375
2406,111.35877227783203
2407,92.9914321899414
2408,171.15328979492188
2409,152.3753204345703
2410,137.7042694091797
2411,67.9489517211914
2412,183.72332763671875
2413,54.66106033325195
2414,17.615991592407227
2415,183.38766479492188
2416,114.4120864868164
2417,332.32763671875
2418,42.506534576416016
2419,213.64108276367188
2420,217.6703643798828
2421,632.521484375
2422,1197.3623046875
2423,62.52716064453125
2424,296.51568603515625
2425,192.1098175048828
2426,257.15350341796875
2427,233.1321258544922
2428,385.4570007324219
2429,127.89530944824219
2430,177.5773162841797
2431,134.7487335205078
2432,133.11126708984375
2433,68.41284942626953
2434,85.36653900146484
2435,233.29893493652344
2436,160.5729217529297
2437,129.4399871826172
2438,565.3104858398438
2439,365.94427490234375
2440,286.4902038574219
2441,11.511637687683105
2442,77.80158233642578
2443,893.28076171875
2444,20.124305725097656
2445,255.49684143066406
2446,362.49688720703125
2447,157.27963256835938
2448,159.7923126220703
2449,198.43963623046875
2450,256.68597412109375
2451,241.29449462890625
2452,232.94110107421875
2453,329.1986389160156
2454,281.3828125
2455,638.8063354492188
2456,256.8739318847656
2457,239.77273559570312
2458,127.40483856201172
2459,172.28012084960938
2460,88.4045639038086
2461,224.7169647216797
2462,135.80410766601562
2463,192.3596954345703
2464,169.95558166503906
2465,366.4426574707031
2466,73.81478118896484
2467,230.914306640625
2468,155.5854949951172
2469,381.3214111328125
2470,381.8085021972656
2471,252.1707763671875
2472,164.44235229492188
2473,116.9625473022461
2474,361.9521179199219
2475,630.8584594726562
2476,774.946044921875
2477,118.24124908447266
2478,229.17665100097656
2479,184.2706298828125
2480,161.15957641601562
2481,256.8343505859375
2482,195.68663024902344
2483,135.18063354492188
2484,396.96478271484375
2485,376.5798034667969
2486,176.8557586669922
2487,256.6695861816406
2488,504.8781433105469
2489,80.72447204589844
2490,538.2452392578125
2491,111.41666412353516
2492,241.2056884765625
2493,157.9560546875
2494,333.32318115234375
2495,96.33842468261719
2496,301.2560729980469
2497,207.86639404296875
2498,223.2471466064453
2499,108.50173950195312
2500,104.72003936767578
2501,151.2894744873047
2502,271.2925109863281
2503,74.80977630615234
2504,120.1523666381836
2505,130.50546264648438
2506,273.8450927734375
2507,181.0398406982422
2508,409.3233337402344
2509,263.3143615722656
2510,171.09771728515625
2511,147.02967834472656
2512,222.6169891357422
2513,111.7554931640625
2514,309.5596618652344
2515,198.93673706054688
2516,214.0398712158203
2517,79.9686508178711
2518,323.7855224609375
2519,239.47677612304688
2520,286.97052001953125
2521,49.81366729736328
2522,198.9402618408203
2523,143.50550842285156
2524,592.2564697265625
2525,180.85890197753906
2526,239.133544921875
2527,226.80105590820312
2528,85.52161407470703
2529,1303.7921142578125
2530,174.9544219970703
2531,481.5141906738281
2532,161.66873168945312
2533,256.7993469238281
2534,758.3543090820312
2535,79.60360717773438
2536,218.34271240234375
2537,122.87911987304688
2538,80.66629028320312
2539,198.08358764648438
2540,272.87884521484375
2541,213.02532958984375
2542,319.30267333984375
2543,177.1091766357422
2544,948.6102905273438
2545,1986.85986328125
2546,169.0427703857422
2547,98.45477294921875
2548,561.963623046875
2549,34.00174331665039
2550,37.132080078125
2551,92.20563507080078
2552,1417.0159912109375
2553,265.1169738769531
2554,144.2113800048828
2555,98.93067932128906
2556,399.2977600097656
2557,73.24541473388672
2558,159.77479553222656
2559,332.57049560546875
2560,318.5110168457031
2561,383.7316589355469
2562,519.0299682617188
2563,357.06378173828125
2564,120.91915130615234
2565,433.8424377441406
2566,179.0465545654297
2567,1851.0989990234375
2568,159.46151733398438
2569,155.0399169921875
2570,123.02604675292969
2571,398.1181335449219
2572,211.88009643554688
2573,400.66375732421875
2574,269.4002380371094
2575,45.60581588745117
2576,170.11521911621094
2577,147.2270965576172
2578,347.1168212890625
2579,430.8311462402344
2580,25.11342430114746
2581,160.9576873779297
2582,350.4102478027344
2583,217.0811004638672
2584,74.55377197265625
2585,64.94287872314453
2586,333.8554382324219
2587,309.0752868652344
2588,100.91954040527344
2589,168.11953735351562
2590,754.5586547851562
2591,149.5545654296875
2592,269.622314453125
2593,376.27752685546875
2594,395.1596984863281
2595,93.60264587402344
2596,263.3791198730469
2597,133.0457000732422
2598,189.5019989013672
2599,269.5135498046875
2600,547.34033203125
2601,325.7467956542969
2602,61.58360290527344
2603,153.2635955810547
2604,191.31549072265625
2605,167.6385040283203
2606,217.06671142578125
2607,256.5526123046875
2608,629.7247924804688
2609,122.32893371582031
2610,241.74122619628906
2611,169.45492553710938
2612,514.2628173828125
2613,212.9678497314453
2614,250.20419311523438
2615,287.7006530761719
2616,406.0672912597656
2617,397.28936767578125
2618,147.76400756835938
2619,365.0103454589844
2620,166.5487060546875
2621,89.62284088134766
2622,52.420406341552734
2623,211.94363403320312
2624,412.2676086425781
2625,661.5487060546875
2626,231.91094970703125
2627,197.59219360351562
2628,198.06092834472656
2629,156.035888671875
2630,122.32088470458984
2631,151.13394165039062
2632,34.97909927368164
2633,993.4271240234375
2634,287.61041259765625
2635,224.23370361328125
2636,237.3514862060547
2637,189.44345092773438
2638,390.7237854003906
2639,144.19610595703125
2640,571.5922241210938
2641,370.1286926269531
2642,1482.4144287109375
2643,724.6360473632812
2644,278.6733093261719
2645,201.26504516601562
2646,236.7479705810547
2647,224.20654296875
2648,786.728271484375
2649,273.81744384765625
2650,95.04571533203125
2651,241.80300903320312
2652,37.02394485473633
2653,158.7633514404297
2654,99.85428619384766
2655,113.44823455810547
2656,361.48883056640625
2657,310.62115478515625
2658,274.50311279296875
2659,35.17416000366211
2660,94.94451904296875
2661,60.54436111450195
2662,52.93956756591797
2663,53.114402770996094
2664,111.33694458007812
2665,114.04388427734375
2666,471.0155029296875
2667,64.8828353881836
2668,275.4024963378906
2669,95.23929595947266
2670,263.5613098144531
2671,233.31394958496094
2672,293.0903625488281
2673,107.74821472167969
2674,275.1790771484375
2675,1372.8868408203125
2676,1357.3424072265625
2677,118.3218994140625
2678,2600.620361328125
2679,828.4044799804688
2680,247.34112548828125
2681,97.78179168701172
2682,329.7862548828125
2683,154.20867919921875
2684,127.3287353515625
2685,417.1125793457031
2686,204.91506958007812
2687,432.13311767578125
2688,873.9686889648438
2689,1002.7925415039062
2690,1319.7642822265625
2691,50.819026947021484
2692,4870.103515625
2693,414.8046569824219
2694,267.1461181640625
2695,2362.72412109375
2696,531.8306884765625
2697,216.4462432861328
2698,489.1272277832031
2699,2143.8818359375
2700,304.86474609375
2701,791.60400390625
2702,329.8782653808594
2703,389.103271484375
2704,165.20361328125
2705,508.2344055175781
2706,424.8346862792969
2707,209.93380737304688
2708,5436.96875
2709,1083.0845947265625
2710,195.64100646972656
2711,364.0255126953125
2712,117.3175048828125
2713,468.49603271484375
2714,218.5968017578125
2715,227.61459350585938
2716,26.70880699157715
2717,286.2406005859375
2718,363.8304748535156
2719,359.63458251953125
2720,934.0384521484375
2721,227.4644317626953
2722,903.6397705078125
2723,314.52056884765625
2724,504.2523498535156
2725,329.5589599609375
2726,596.8956298828125
2727,131.62942504882812
2728,1087.248046875
2729,219.65191650390625
2730,48.58694839477539
2731,138.12290954589844
2732,1125.95751953125
2733,2455.225830078125
2734,380.9061584472656
2735,489.8942565917969
2736,363.7126770019531
2737,172.9056854248047
2738,80.84781646728516
2739,317.15826416015625
2740,158.22396850585938
2741,446.6201477050781
2742,806.4664306640625
2743,1033.0638427734375
2744,299.9535217285156
2745,2188.82080078125
2746,679.2213134765625
2747,156.54019165039062
2748,85.80316925048828
2749,552.6279296875
2750,312.811767578125
2751,190.24087524414062
2752,1437.5145263671875
2753,308.044921875
2754,153.3369140625
2755,432.5411071777344
2756,593.2391967773438
2757,296.3136901855469
2758,250.32843017578125
2759,291.1986083984375
2760,565.256103515625
2761,336.7873840332031
2762,156.17807006835938
2763,218.8120574951172
2764,209.51608276367188
2765,176.95437622070312
2766,135.61941528320312
2767,114.61297607421875
2768,172.48439025878906
2769,93.90754699707031
2770,113.63773345947266
2771,194.0964813232422
2772,206.61216735839844
2773,236.14141845703125
2774,115.96759033203125
2775,89.47740173339844
2776,556.3753051757812
2777,175.545654296875
2778,240.33786010742188
2779,84.051513671875
2780,280.6630859375
2781,268.0404357910156
2782,155.67567443847656
2783,214.5274658203125
2784,111.80315399169922
2785,141.94606018066406
2786,307.3005065917969
2787,225.76791381835938
2788,729.7617797851562
2789,161.96192932128906
2790,128.82325744628906
2791,340.44305419921875
2792,245.01171875
2793,109.84889221191406
2794,235.7308807373047
2795,298.6757507324219
2796,306.3782958984375
2797,410.8031311035156
2798,2145.237060546875
2799,595.5718383789062
2800,487.0080261230469
2801,12.15256118774414
2802,1406.3394775390625
2803,686.5877075195312
2804,723.6011962890625
2805,378.7023010253906
2806,65.15799713134766
2807,243.25924682617188
2808,244.32794189453125
2809,143.8569793701172
2810,253.92787170410156
2811,54.67015838623047
2812,312.4996032714844
2813,271.198486328125
2814,129.46627807617188
2815,381.5544128417969
2816,167.37612915039062
2817,410.5634460449219
2818,241.5907440185547
2819,214.8323211669922
2820,189.41146850585938
2821,137.884033203125
2822,155.174072265625
2823,235.71234130859375
2824,435.9782409667969
2825,289.5580749511719
2826,53.16401672363281
2827,45.563636779785156
2828,100.23688507080078
2829,159.51853942871094
2830,258.0410461425781
2831,269.1064758300781
2832,99.15913391113281
2833,754.1600952148438
2834,264.68963623046875
2835,313.36895751953125
2836,178.77313232421875
2837,429.024658203125
2838,221.51731872558594
2839,148.95297241210938
2840,143.41192626953125
2841,204.7624969482422
2842,171.47512817382812
2843,302.512451171875
2844,512.2051391601562
2845,334.93475341796875
2846,270.74700927734375
2847,352.0458679199219
2848,389.6695861816406
2849,71.27300262451172
2850,254.55184936523438
2851,258.482666015625
2852,72.29862213134766
2853,167.92019653320312
2854,85.53119659423828
2855,181.53170776367188
2856,380.2929382324219
2857,313.9621276855469
2858,119.59283447265625
2859,453.1116027832031
2860,454.8548889160156
2861,523.3750610351562
2862,100.22938537597656
2863,154.17454528808594
2864,126.97816467285156
2865,106.18092346191406
2866,318.96636962890625
2867,129.09056091308594
2868,65.72893524169922
2869,47.529273986816406
2870,95.02731323242188
2871,333.1178894042969
2872,93.7247085571289
2873,190.904052734375
2874,77.03267669677734
2875,181.64990234375
2876,71.77804565429688
2877,215.70327758789062
2878,219.36732482910156
2879,203.3616180419922
2880,231.22491455078125
2881,723.9467163085938
2882,211.83836364746094
2883,75.56874084472656
2884,163.01722717285156
2885,46.26066207885742
2886,44.69666290283203
2887,147.2280731201172
2888,260.6993408203125
2889,75.9519271850586
2890,382.9593811035156
2891,388.9708251953125
2892,349.65533447265625
2893,423.60418701171875
2894,333.2813720703125
2895,232.5654296875
2896,155.06260681152344
2897,175.44012451171875
2898,431.6600646972656
2899,215.99012756347656
2900,224.51882934570312
2901,156.3328857421875
2902,306.4748840332031
2903,157.9953155517578
2904,212.66453552246094
2905,100.30225372314453
2906,163.6880340576172
2907,177.0108184814453
2908,87.9216537475586
2909,185.49053955078125
2910,165.2244110107422
2911,269.88934326171875
2912,212.92996215820312
2913,186.2873992919922
2914,406.5884704589844
2915,154.03155517578125
2916,187.89222717285156
2917,276.45574951171875
2918,331.3894348144531
2919,769.2630004882812
2920,510.41943359375
2921,205.21360778808594
2922,186.78594970703125
2923,237.79769897460938
2924,333.1290283203125
2925,966.368896484375
2926,279.6215515136719
2927,363.2992858886719
2928,298.11370849609375
2929,572.6485595703125
2930,245.97349548339844
2931,167.8959503173828
2932,701.207275390625
2933,378.46075439453125
2934,373.90960693359375
2935,892.0322875976562
2936,262.08062744140625
2937,63.49789047241211
2938,1071.2940673828125
2939,586.3898315429688
2940,2354.785888671875
2941,468.59271240234375
2942,1326.9970703125
2943,428.45428466796875
2944,997.4879150390625
2945,1165.2193603515625
2946,261.98016357421875
2947,651.5772094726562
2948,160.76046752929688
2949,123.08190155029297
2950,56.86347579956055
2951,130.92526245117188
2952,241.20111083984375
2953,361.75732421875
2954,253.99398803710938
2955,112.36276245117188
2956,224.87989807128906
2957,328.96405029296875
2958,257.68682861328125
2959,962.2576904296875
2960,200.0752716064453
2961,400.5575256347656
2962,165.10084533691406
2963,530.0518798828125
2964,601.3849487304688
2965,119.28642272949219
2966,251.30926513671875
2967,169.33885192871094
2968,246.65013122558594
2969,304.8321838378906
2970,577.5357666015625
2971,68.31687927246094
2972,486.549560546875
2973,50.989627838134766
2974,73.60698699951172
2975,91.76056671142578
2976,99.39876556396484
2977,64.39037322998047
2978,649.2789916992188
2979,173.9508819580078
2980,4832.19921875
2981,456.1174621582031
2982,92.557373046875
2983,146.5413360595703
2984,272.623291015625
2985,621.5753784179688
2986,341.47772216796875
2987,272.651123046875
2988,125.97384643554688
2989,168.0002899169922
2990,153.0113067626953
2991,705.045166015625
2992,476.785888671875
2993,253.0224609375
2994,261.6524353027344
2995,119.91529083251953
2996,449.3374938964844
2997,202.15280151367188
2998,226.79640197753906
2999,220.03904724121094
3000,260.0156555175781
3001,200.48545837402344
3002,561.5136108398438
3003,278.9172668457031
3004,101.39828491210938
3005,308.4776306152344
3006,113.84833526611328
3007,468.3280334472656
3008,89.13787078857422
3009,710.2120971679688
3010,357.7690124511719
3011,257.17333984375
3012,153.79576110839844
3013,292.5981140136719
3014,656.8043823242188
3015,1150.9327392578125
3016,151.58973693847656
3017,318.5725402832031
3018,430.9789123535156
3019,136.9727020263672
3020,407.33770751953125
3021,258.872802734375
3022,371.322998046875
3023,1108.482666015625
3024,225.96522521972656
3025,656.7386474609375
3026,141.56997680664062
3027,538.1343994140625
3028,668.070068359375
3029,1012.197509765625
3030,129.62855529785156
3031,50.7918701171875
3032,102.00894927978516
3033,438.755126953125
3034,217.66319274902344
3035,51.95067596435547
3036,238.46786499023438
3037,172.29367065429688
3038,63.21945571899414
3039,293.9110412597656
3040,227.9305419921875
3041,95.48365783691406
3042,60.535152435302734
3043,27.547584533691406
3044,156.30419921875
3045,218.98062133789062
3046,40.6151123046875
3047,69.15303039550781
3048,41.467323303222656
3049,240.99266052246094
3050,94.53397369384766
3051,198.52064514160156
3052,64.645263671875
3053,127.20372009277344
3054,169.5455322265625
3055,138.65809631347656
3056,262.89593505859375
3057,302.90478515625
3058,350.5516357421875
3059,87.16659545898438
3060,740.1963500976562
3061,176.92433166503906
3062,166.06552124023438
3063,244.01206970214844
3064,146.74453735351562
3065,199.0994873046875
3066,87.82347869873047
3067,518.92724609375
3068,193.62660217285156
3069,202.4712677001953
3070,372.3575744628906
3071,74.2762451171875
3072,62.89874267578125
3073,172.14889526367188
3074,81.0604019165039
3075,249.89288330078125
3076,334.7161865234375
3077,113.83715057373047
3078,441.11468505859375
3079,241.6658477783203
3080,109.84648895263672
3081,233.8614044189453
3082,288.4054260253906
3083,387.6892395019531
3084,123.51238250732422
3085,321.88433837890625
3086,1001.0907592773438
3087,153.38401794433594
3088,124.60819244384766
3089,64.67267608642578
3090,192.8764190673828
3091,121.39351654052734
3092,27.21162223815918
3093,190.57127380371094
3094,142.04669189453125
3095,249.43739318847656
3096,372.20599365234375
3097,210.4379425048828
3098,387.7206726074219
3099,185.1724853515625
3100,201.5449981689453
3101,107.66434478759766
3102,129.07972717285156
3103,163.96817016601562
3104,194.36155700683594
3105,62.631988525390625
3106,137.1904296875
3107,80.1989974975586
3108,59.404029846191406
3109,309.48394775390625
3110,156.75546264648438
3111,180.06088256835938
3112,153.39820861816406
3113,174.1503143310547
3114,17.168306350708008
3115,165.77374267578125
3116,72.54006958007812
3117,223.49627685546875
3118,85.27690887451172
3119,120.837890625
3120,134.3984375
3121,206.51119995117188
3122,108.19226837158203
3123,71.74889373779297
3124,343.4101257324219
3125,139.7018280029297
3126,233.88516235351562
3127,165.89353942871094
3128,180.8680419921875
3129,284.4981689453125
3130,220.04115295410156
3131,319.7119140625
3132,375.281982421875
3133,153.4251251220703
3134,261.04779052734375
3135,249.41110229492188
3136,462.6690673828125
3137,173.3472442626953
3138,104.68437957763672
3139,110.02497863769531
3140,110.50834655761719
3141,131.9368438720703
3142,338.2997131347656
3143,98.43913269042969
3144,85.50570678710938
3145,218.79713439941406
3146,241.61378479003906
3147,261.5722351074219
3148,167.4488525390625
3149,157.068359375
3150,129.962646484375
3151,55.98159408569336
3152,107.66680908203125
3153,128.4866485595703
3154,408.6813049316406
3155,464.0119323730469
3156,151.9549102783203
3157,400.1820068359375
3158,287.5134582519531
3159,76.01782989501953
3160,39.7672119140625
3161,130.2200164794922
3162,144.47677612304688
3163,141.96360778808594
3164,77.51866149902344
3165,67.53236389160156
3166,62.32278060913086
3167,282.7578430175781
3168,172.69540405273438
3169,343.13348388671875
3170,192.83816528320312
3171,215.19094848632812
3172,365.86175537109375
3173,194.00201416015625
3174,215.00057983398438
3175,150.69577026367188
3176,184.59945678710938
3177,184.84597778320312
3178,368.3917236328125
3179,169.7790069580078
3180,181.5061798095703
3181,233.4300079345703
3182,262.5273742675781
3183,225.63584899902344
3184,252.01907348632812
3185,111.26726531982422
3186,189.33859252929688
3187,90.32670593261719
3188,130.44102478027344
3189,114.82313537597656
3190,101.23538208007812
3191,322.4138488769531
3192,487.8196105957031
3193,504.3417663574219
3194,654.0986938476562
3195,121.2446060180664
3196,246.24058532714844
3197,107.71328735351562
3198,155.53506469726562
3199,153.0557403564453
3200,138.3041534423828
3201,169.59605407714844
3202,83.64214324951172
3203,169.1853485107422
3204,66.76873016357422
3205,76.47687530517578
3206,71.89022827148438
3207,615.070068359375
3208,131.04193115234375
3209,208.3020782470703
3210,302.078857421875
3211,147.73878479003906
3212,157.8854217529297
3213,129.56687927246094
3214,136.8451385498047
3215,378.6143798828125
3216,496.80975341796875
3217,140.31214904785156
3218,85.06787872314453
3219,368.943359375
3220,302.252197265625
3221,93.14227294921875
3222,174.4732208251953
3223,96.97889709472656
3224,192.79449462890625
3225,673.3740844726562
3226,394.0311584472656
3227,574.2720336914062
3228,213.40496826171875
3229,473.56414794921875
3230,121.62446594238281
3231,253.63865661621094
3232,204.83770751953125
3233,286.4665832519531
3234,333.4279479980469
3235,407.62042236328125
3236,204.56585693359375
3237,599.7471313476562
3238,294.82427978515625
3239,398.1995544433594
3240,128.9513397216797
3241,288.92724609375
3242,300.0176086425781
3243,135.5356903076172
3244,183.99000549316406
3245,185.2880096435547
3246,122.75450134277344
3247,227.11402893066406
3248,160.436767578125
3249,180.8399200439453
3250,308.6133117675781
3251,38.83428192138672
3252,589.192626953125
3253,219.7184295654297
3254,191.73733520507812
3255,315.32501220703125
3256,143.69964599609375
3257,367.96563720703125
3258,106.40469360351562
3259,30.07539176940918
3260,138.2379608154297
3261,394.02606201171875
3262,96.2235107421875
3263,451.07635498046875
3264,161.31851196289062
3265,120.12023162841797
3266,297.1944274902344
3267,92.55948638916016
3268,276.7724609375
3269,239.28343200683594
3270,243.57786560058594
3271,146.87747192382812
3272,285.2213439941406
3273,159.9746856689453
3274,53.40338897705078
3275,178.72174072265625
3276,535.9451904296875
3277,551.5496215820312
3278,279.9035949707031
3279,142.19577026367188
3280,230.43748474121094
3281,370.6661682128906
3282,353.2813720703125
3283,425.8926086425781
3284,182.1758270263672
3285,69.3371810913086
3286,136.0746612548828
3287,82.27455139160156
3288,87.67890930175781
3289,296.06695556640625
3290,147.9510498046875
3291,169.2810516357422
3292,280.6488037109375
3293,328.12750244140625
3294,90.9029312133789
3295,88.20072937011719
3296,67.61665344238281
3297,134.78280639648438
3298,83.16462707519531
3299,88.16788482666016
3300,128.6880645751953
3301,220.43875122070312
3302,117.96980285644531
3303,259.4051513671875
3304,42.36954879760742
3305,206.4254608154297
3306,130.42515563964844
3307,387.3590393066406
3308,168.3558807373047
3309,97.6711196899414
3310,143.98922729492188
3311,79.50619506835938
3312,81.49776458740234
3313,69.33790588378906
3314,155.4080810546875
3315,655.925537109375
3316,145.322265625
3317,184.54197692871094
3318,156.66221618652344
3319,393.178466796875
3320,240.47909545898438
3321,109.7303695678711
3322,347.16131591796875
3323,114.71039581298828
3324,139.64743041992188
3325,123.84765625
3326,198.81944274902344
3327,495.91650390625
3328,611.55078125
3329,135.5812530517578
3330,17689.56640625
3331,52.323177337646484
3332,132.3220977783203
3333,128.91297912597656
3334,234.7349395751953
3335,302.4021301269531
3336,87.6251220703125
3337,46.24475860595703
3338,97.30574035644531
3339,69.7396240234375
3340,149.424560546875
3341,70.55960845947266
3342,216.58314514160156
3343,119.53274536132812
3344,96.65882110595703
3345,131.82589721679688
3346,93.0210189819336
3347,66.61830139160156
3348,25.2259578704834
3349,1744.494384765625
3350,108.97232818603516
3351,97.13592529296875
3352,112.96100616455078
3353,273.5252380371094
3354,85.33451080322266
3355,217.2249298095703
3356,209.37855529785156
3357,418.0556335449219
3358,204.5435333251953
3359,72.58048248291016
3360,232.76402282714844
3361,443.3531188964844
3362,247.79383850097656
3363,183.49122619628906
3364,56.8133659362793
3365,247.2822723388672
3366,57.84333801269531
3367,81.24002075195312
3368,86.08861541748047
3369,112.95836639404297
3370,55.996971130371094
3371,35.45332336425781
3372,39.17415237426758
3373,24.585651397705078
3374,178.9842529296875
3375,243.51119995117188
3376,25.088205337524414
3377,19.444469451904297
3378,30.5032958984375
3379,35.30280685424805
3380,20.234539031982422
3381,59.753292083740234
3382,162.82432556152344
3383,81.39469146728516
3384,101.36609649658203
3385,50.411468505859375
3386,98.05414581298828
3387,94.66825866699219
3388,56.830810546875
3389,158.54420471191406
3390,41.948795318603516
3391,122.66293334960938
3392,63.3598518371582
3393,157.0254669189453
3394,184.97012329101562
3395,374.86614990234375
3396,497.88189697265625
3397,180.3662872314453
3398,355.3233642578125
3399,278.3945617675781
3400,425.0251770019531
3401,206.94801330566406
3402,115.76432800292969
3403,104.47260284423828
3404,81.82969665527344
3405,145.59938049316406
3406,90.33769989013672
3407,138.46192932128906
3408,151.8629913330078
3409,156.32513427734375
3410,103.76130676269531
3411,116.69530487060547
3412,70.95889282226562
3413,40.60972595214844
3414,18.82283592224121
3415,95.46695709228516
3416,143.55807495117188
3417,191.40701293945312
3418,139.03627014160156
3419,221.442138671875
3420,325.3628845214844
3421,222.6225128173828
3422,234.32943725585938
3423,242.54356384277344
3424,44.1846923828125
3425,144.77511596679688
3426,292.37371826171875
3427,359.94854736328125
3428,175.5503387451172
3429,130.93038940429688
3430,160.782470703125
3431,224.76968383789062
3432,68.77813720703125
3433,164.41506958007812
3434,168.1143341064453
3435,260.2045593261719
3436,281.60430908203125
3437,205.63902282714844
3438,175.42506408691406
3439,223.7589111328125
3440,200.8459930419922
3441,145.22723388671875
3442,24.892986297607422
3443,150.84609985351562
3444,111.94990539550781
3445,303.5849914550781
3446,142.95046997070312
3447,212.73654174804688
3448,232.94378662109375
3449,113.55338287353516
3450,290.5011291503906
3451,212.4736785888672
3452,348.5205993652344
3453,132.40573120117188
3454,180.42184448242188
3455,193.27064514160156
3456,205.95303344726562
3457,143.6448211669922
3458,479.2699890136719
3459,87.54440307617188
3460,167.40663146972656
3461,198.66648864746094
3462,354.2579040527344
3463,133.13137817382812
3464,117.36148834228516
3465,36.613338470458984
3466,113.47906494140625
3467,129.45553588867188
3468,87.33458709716797
3469,43.46029281616211
3470,82.62981414794922
3471,85.09456634521484
3472,283.072021484375
3473,145.27737426757812
3474,177.7032012939453
3475,55.78190612792969
3476,123.10913848876953
3477,107.16889953613281
3478,227.7524871826172
3479,158.6094512939453
3480,71.40301513671875
3481,60.65989685058594
3482,353.2704162597656
3483,407.0214538574219
3484,225.44549560546875
3485,278.24896240234375
3486,279.24224853515625
3487,480.6690673828125
3488,48.16138458251953
3489,339.4823913574219
3490,355.7579040527344
3491,621.70849609375
3492,629.5437622070312
3493,149.3935546875
3494,105.67581939697266
3495,183.0347900390625
3496,343.9999694824219
3497,187.68894958496094
3498,509.9574890136719
3499,618.27880859375
3500,211.18087768554688
3501,74.2630386352539
3502,270.7794189453125
3503,56.487369537353516
3504,275.1985168457031
3505,228.74278259277344
3506,141.36099243164062
3507,246.64988708496094
3508,99.95109558105469
3509,478.4621276855469
3510,284.7171936035156
3511,147.3942108154297
3512,358.20208740234375
3513,203.7216033935547
3514,199.27529907226562
3515,121.81541442871094
3516,482.8629455566406
3517,301.33465576171875
3518,244.94700622558594
3519,82.70825958251953
3520,293.4170227050781
3521,129.7297821044922
3522,94.97893524169922
3523,123.84015655517578
3524,528.0682983398438
3525,451.5735168457031
3526,436.3334655761719
3527,382.09002685546875
3528,96.40666961669922
3529,326.4772033691406
3530,456.720947265625
3531,91.41394805908203
3532,39.5954704284668
3533,47.13296127319336
3534,19.902563095092773
3535,100.2943115234375
3536,180.1113739013672
3537,81.22340393066406
3538,339.7789611816406
3539,268.0796813964844
3540,440.8861083984375
3541,286.7803649902344
3542,176.284912109375
3543,143.02560424804688
3544,258.7341003417969
3545,106.32688903808594
3546,287.3409118652344
3547,288.4029541015625
3548,328.15582275390625
3549,205.0638427734375
3550,380.4712219238281
3551,89.42156982421875
3552,184.96104431152344
3553,130.39169311523438
3554,324.6683044433594
3555,198.39080810546875
3556,98.07910919189453
3557,192.98941040039062
3558,362.00665283203125
3559,133.67201232910156
3560,231.22865295410156
3561,177.70794677734375
3562,294.3226623535156
3563,218.23602294921875
3564,205.43075561523438
3565,225.662109375
3566,200.78720092773438
3567,120.04035949707031
3568,205.28211975097656
3569,128.47689819335938
3570,184.43833923339844
3571,173.27197265625
3572,1283.68896484375
3573,305.013916015625
3574,60.549591064453125
3575,73.620849609375
3576,275.7979431152344
3577,235.925537109375
3578,184.9043426513672
3579,244.61087036132812
3580,103.22911834716797
3581,209.96304321289062
3582,342.4049987792969
3583,94.70844268798828
3584,401.4755859375
3585,415.24578857421875
3586,408.4687805175781
3587,188.24896240234375
3588,443.22161865234375
3589,199.02346801757812
3590,416.67523193359375
3591,80.26043701171875
3592,48.303749084472656
3593,39.319366455078125
3594,146.23350524902344
3595,126.31201934814453
3596,475.58380126953125
3597,168.35113525390625
3598,527.0972290039062
3599,369.3492736816406
3600,256.3274841308594
3601,225.9839630126953
3602,93.30448913574219
3603,129.68228149414062
3604,74.16112518310547
3605,250.79844665527344
3606,40.42975616455078
3607,130.78118896484375
3608,160.6787872314453
3609,169.2190704345703
3610,223.31358337402344
3611,127.42719268798828
3612,198.62545776367188
3613,445.9204406738281
3614,512.0950317382812
3615,216.91419982910156
3616,331.4556579589844
3617,113.51516723632812
3618,122.45084381103516
3619,202.19552612304688
3620,291.4907531738281
3621,139.04376220703125
3622,295.5976257324219
3623,324.3450622558594
3624,451.8224792480469
3625,373.7384948730469
3626,295.2861633300781
3627,224.56956481933594
3628,79.33200073242188
3629,43.36621856689453
3630,20.669681549072266
3631,11.72183895111084
3632,87.56317901611328
3633,80.99174499511719
3634,46.47679901123047
3635,132.52952575683594
3636,234.93931579589844
3637,134.1846923828125
3638,140.6260223388672
3639,102.17208099365234
3640,65.3294448852539
3641,17.571121215820312
3642,193.5919952392578
3643,352.70904541015625
3644,404.20770263671875
3645,237.7441864013672
3646,801.2877807617188
3647,199.77830505371094
3648,128.23672485351562
3649,325.5916442871094
3650,305.2724914550781
3651,423.5074462890625
3652,207.69378662109375
3653,231.75320434570312
3654,326.5100402832031
3655,261.7583923339844
3656,156.17843627929688
3657,310.53570556640625
3658,197.1028594970703
3659,113.78233337402344
3660,229.88937377929688
3661,172.7259521484375
3662,329.5213928222656
3663,158.05958557128906
3664,111.7508544921875
3665,50.79119110107422
3666,111.75970458984375
3667,389.3023986816406
3668,228.24888610839844
3669,108.23865509033203
3670,389.6903991699219
3671,154.17868041992188
3672,351.6116638183594
3673,308.9323425292969
3674,182.30731201171875
3675,516.4740600585938
3676,167.73670959472656
3677,298.10687255859375
3678,148.62030029296875
3679,442.6412353515625
3680,522.6819458007812
3681,775.7050170898438
3682,176.985595703125
3683,78.32666015625
3684,168.10800170898438
3685,76.96023559570312
3686,345.53460693359375
3687,112.5511474609375
3688,316.52734375
3689,66.13465118408203
3690,180.6138916015625
3691,307.3846130371094
3692,300.8966979980469
3693,855.327880859375
3694,411.9072570800781
3695,711.7404174804688
3696,548.9632568359375
3697,202.17333984375
3698,142.70936584472656
3699,130.7759552001953
3700,179.23106384277344
3701,179.25704956054688
3702,69.55010223388672
3703,104.00215148925781
3704,84.69042205810547
3705,63.706302642822266
3706,215.32327270507812
3707,155.1831817626953
3708,207.5864715576172
3709,187.6788330078125
3710,376.1175231933594
3711,182.99501037597656
3712,44.89617156982422
3713,46.72671127319336
3714,24.855865478515625
3715,69.05451202392578
3716,267.3779296875
3717,24.248592376708984
3718,79.52420043945312
3719,69.83599853515625
3720,137.16270446777344
3721,114.20370483398438
3722,393.0909423828125
3723,205.33900451660156
3724,19.228012084960938
3725,35.23712921142578
3726,944.913818359375
3727,273.5898132324219
3728,234.1691436767578
3729,181.6674041748047
3730,608.2615356445312
3731,153.19667053222656
3732,230.06988525390625
3733,693.3668212890625
3734,76.61426544189453
3735,191.62774658203125
3736,104.21586608886719
3737,250.68069458007812
3738,131.8190460205078
3739,171.99160766601562
3740,151.64801025390625
3741,300.3068542480469
3742,218.76698303222656
3743,131.95401000976562
3744,269.0639953613281
3745,657.0377197265625
3746,366.22186279296875
3747,155.5089569091797
3748,275.52178955078125
3749,206.2762908935547
3750,387.254150390625
3751,221.49208068847656
3752,165.00347900390625
3753,284.1388854980469
3754,161.661865234375
3755,131.31214904785156
3756,208.92349243164062
3757,219.51914978027344
3758,328.7172546386719
3759,148.21754455566406
3760,148.47254943847656
